lemma,pos,ipa,meaning,example,audio,note_ids
afraid,,,Sợ hãi,,4000B1_afraid.mp3,1565658228521
agree,,,Đồng ý,,4000B1_agree.mp3,1565658228522
angry,,,Tức giận,,4000B1_angry.mp3,1565658228523
arrive,,,"Đến, tới nơi",,4000B1_arrive.mp3,1565658228524
attack,,,Tấn công,,4000B1_attack.mp3,1565658228525
bottom,,,phần dưới cùng; đáy,,4000B1_bottom.mp3,1565658228526
clever,,,Thông minh,,4000B1_clever.mp3,1565658228527
cruel,,,Độc ác,,4000B1_cruel.mp3,1565658228528
finally,,,Sau cùng,,4000B1_finally.mp3,1565658228529
hide,,,"Trốn, ẩn nấp",,4000B1_hide.mp3,1565658228530
hunt,,,Săn bắn,,4000B1_hunt.mp3,1565658228531
lot,,,"Mớ, lô, nhiều",,4000B1_lot.mp3,1565658228532
middle,,,"giữa, ở giữa",,4000B1_middle.mp3,1565658228533
moment,,,"Khoảnh khắc, chốc lát",,4000B1_moment.mp3,1565658228534
pleased,,,Hài lòng,,4000B1_pleased.mp3,1565658228535
promise,,,"Hứa hẹn, lời hứa",,4000B1_promise.mp3,1565658228536
reply,,,"đáp lại, t rả lời",,4000B1_reply.mp3,1565658228537
safe,,,An toàn,,4000B1_safe.mp3,1565658228538
trick,,,"Mẹo, thủ thuật",,4000B1_trick.mp3,1565658228539
well,,,"Tốt, được",,4000B1_well.mp3,1565658228540
adventure,,,"phiêu lưu, mạo hiểm",,4000B1_adventure.mp3,1565658228541
approach,,,"đến gần, tới gần",,4000B1_approach.mp3,1565658228542
carefully,,,cẩn thận,,4000B1_carefully.mp3,1565658228543
chemical,,,hoá chất,,4000B1_chemical.mp3,1565658228544
create,,,"tạo nên, tạo ra",,4000B1_create.mp3,1565658228545
evil,,,"xấu, ác",,4000B1_evil.mp3,1565658228546
experiment,,,thí nghiệm,,4000B1_experiment.mp3,1565658228547
kill,,,"giết, làm chết",,4000B1_kill.mp3,1565658228548
laboratory,,,phòng thí nghiệm,,4000B1_laboratory.mp3,1565658228549
laugh,,,tiếng cười (lớn),,4000B1_laugh.mp3,1565658228550
loud,,,"to, ầm ĩ",,4000B1_loud.mp3,1565658228551
nervous,,,căng thẳng,,4000B1_nervous.mp3,1565658228552
noise,,,tiếng ồn,,4000B1_noise.mp3,1565658228553
project,,,"dự án, công trình",,4000B1_project.mp3,1565658228554
scare,,,"Dọa, làm sợ hãi",,4000B1_scare.mp3,1565658228555
secret,,,bí mật,,4000B1_secret.mp3,1565658228556
shout,,,"quát tháo, la hét",,4000B1_shout.mp3,1565658228557
smell,,,"ngửi, đánh hơi",,4000B1_smell.mp3,1565658228558
terrible,,,"tồi tệ, ghê gớm, khủng khiếp",,4000B1_terrible.mp3,1565658228559
worse,,,"xấu hơn, tồi hơn",,4000B1_worse.mp3,1565658228560
alien,,,Người ngoài hành tinh,,4000B1_alien.mp3,1565658228561
among,,,"giữa, ở giữa",,4000B1_among.mp3,1565658228562
chart,,,"biểu đồ, đồ thị",,4000B1_chart.mp3,1565658228563
cloud,,,"mây, đám mây",,4000B1_cloud.mp3,1565658228564
comprehend,,,"hiểu, bao gồm",,4000B1_comprehend.mp3,1565658228565
describe,,,"miêu tả, mô tả",,4000B1_describe.mp3,1565658228566
ever,,,"Trước đến giờ, có bao giờ",,4000B1_ever.mp3,1565658228567
fail,,,thất bại,,4000B1_fail.mp3,1565658228568
friendly,,,thân thiện,,4000B1_friendly.mp3,1565658228569
grade,,,"mức độ, cấp độ",,4000B1_grade.mp3,1565658228570
instead,,,"Thay cho, thay vì",,4000B1_instead.mp3,1565658228571
library,,,thư viện,,4000B1_library.mp3,1565658228572
planet,,,hành tinh,,4000B1_planet.mp3,1565658228573
report,,,"bản báo cáo, biên bản",,4000B1_report.mp3,1565658228574
several,,,"vài, riêng",,4000B1_several.mp3,1565658228575
solve,,,giải quyết,,4000B1_solve.mp3,1565658228576
suddenly,,,"thình lình, đột ngột",,4000B1_suddenly.mp3,1565658228577
suppose,,,"cho rằng, nghĩ rằng",,4000B1_suppose.mp3,1565658228578
universe,,,"vũ trụ, thiên hà",,4000B1_universe.mp3,1565658228579
view,,,"thấy, nhìn",,4000B1_view.mp3,1565658228580
appropriate,,,"thích hợp, thích đáng",,4000B1_appropriate.mp3,1565658228581
avoid,,,"tránh, tránh xa",,4000B1_avoid.mp3,1565658228582
behave,,,"đối xử, cư xử",,4000B1_behave.mp3,1565658228583
calm,,,"bình tĩnh, êm đềm",,4000B1_calm.mp3,1565658228584
concern,,,"lo lắng, liên quan",,4000B1_concern.mp3,1565658228585
content,,,"nội dung (n), hài lòng (adj), mãn nguyện (adj)",,4000B1_content.mp3,1565658228586
expect,,,"trông mong, ngóng chờ",,4000B1_expect.mp3,1565658228587
frequently,,,thường xuyên,,4000B1_frequently.mp3,1565658228588
habit,,,"thói quen, tập quán",,4000B1_habit.mp3,1565658228589
instruct,,,"hướng dẫn, đào tạo",,4000B1_instruct.mp3,1565658228590
issue,,,"vấn đề, phát hành",,4000B1_issue.mp3,1565658228591
none,,,"không ai, không chút nào",,4000B1_none.mp3,1565658228592
patient,,,"kiên nhẫn, nhẫn nại, bệnh nhân",,4000B1_patient.mp3,1565658228593
positive,,,"tích cực, rõ ràng",,4000B1_positive.mp3,1565658228594
punish,,,"phạt, trừng phạt",,4000B1_punish.mp3,1565658228595
represent,,,"thay mặt, đại diện",,4000B1_represent.mp3,1565658228596
shake,,,"rung, lắc to shake hands: bắt tay",,4000B1_shake.mp3,1565658228597
spread,,,"phết, trải ra",,4000B1_spread.mp3,1565658228598
stroll,,,đi dạo,,4000B1_stroll.mp3,1565658228599
village,,,"làng, xã",,4000B1_village.mp3,1565658228600
aware,,,"nhận thấy, nhận thức",,4000B1_aware.mp3,1565658228601
badly,,,"xấu, tồi, trầm trọng, khủng khiếp",,4000B1_badly.mp3,1565658228602
belong,,,thuộc về,,4000B1_belong.mp3,1565658228603
continue,,,"tiếp tục, vẫn cứ",,4000B1_continue.mp3,1565658228604
error,,,"sự sai sót, lỗi",,4000B1_error.mp3,1565658228605
experience,,,kinh nghiệm,,4000B1_experience.mp3,1565658228606
field,,,"cánh đồng, khu khai thác",,4000B1_field.mp3,1565658228607
hurt,,,"bị thương, bị đau",,4000B1_hurt.mp3,1565658228608
judgment,,,"sự xét xử, quyết định của tòa án, ý kiến",,4000B1_judgment.mp3,1565658228609
likely,,,"rất có thể, dường như, có lẽ đúng, thích hợp",,4000B1_likely.mp3,1565658228610
normal,,,"bình thường, thông thường",,4000B1_normal.mp3,1565658228611
rare,,,"hiếm, ít có",,4000B1_rare.mp3,1565658228612
relax,,,"thư giãn, nghỉ ngơi",,4000B1_relax.mp3,1565658228613
request,,,"đề nghị, thỉnh cầu",,4000B1_request.mp3,1565658228614
reside,,,"ở tại, trú ngụ",,4000B1_reside.mp3,1565658228615
result,,,kết quả,,4000B1_result.mp3,1565658228616
roll,,,"lăn, cuốn",,4000B1_roll.mp3,1565658228617
since,,,"từ khi, từ lúc",,4000B1_since.mp3,1565658228618
visible,,,(có thể) thấy được,,4000B1_visible.mp3,1565658228619
wild,,,"hoang dã, chưa thuần",,4000B1_wild.mp3,1565658228620
advantage,,,"lợi thế, ưu điểm",,4000B1_advantage.mp3,1565658228621
cause,,,"gây ra, gây nên",,4000B1_cause.mp3,1565658228622
choice,,,sự lựa chọn,,4000B1_choice.mp3,1565658228623
community,,,cộng đồng,,4000B1_community.mp3,1565658228624
dead,,,chết,,4000B1_dead.mp3,1565658228625
distance,,,"khoảng cách, quãng đường",,4000B1_distance.mp3,1565658228626
escape,,,"trốn thoát, thoát ra",,4000B1_escape.mp3,1565658228627
face,,,"đương đầu, đối mặt",,4000B1_face.mp3,1565658228628
follow,,,"đi theo, theo đuổi",,4000B1_follow.mp3,1565658228629
fright,,,sự hoảng sợ,,4000B1_fright.mp3,1565658228630
ghost,,,con ma,,4000B1_ghost.mp3,1565658228631
individual,,,"riêng lẻ, riêng biệt",,4000B1_individual.mp3,1565658228632
pet,,,"vật nuôi, thú cưng",,4000B1_pet.mp3,1565658228633
reach,,,"đạt tới, chạm tới, đến, tới",,4000B1_reach.mp3,1565658228634
return,,,"trở lại, trở về",,4000B1_return.mp3,1565658228635
survive,,,"sống sót, tồn tại",,4000B1_survive.mp3,1565658228636
upset,,,"thất vọng, buồn",,4000B1_upset.mp3,1565658228637
voice,,,giọng nói,,4000B1_voice.mp3,1565658228638
weather,,,thời tiết,,4000B1_weather.mp3,1565658228639
wise,,,"khôn ngoan, uyên bác",,4000B1_wise.mp3,1565658228640
allow,,,cho phép,,4000B1_allow.mp3,1565658228641
announce,,,"công bố, thông báo",,4000B1_announce.mp3,1565658228642
beside,,,bên cạnh,,4000B1_beside.mp3,1565658228643
challenge,,,"thử thách, thách thức",,4000B1_challenge.mp3,1565658228644
claim,,,"xác nhận, đòi hỏi",,4000B1_claim.mp3,1565658228645
condition,,,"điều kiện, hoàn cảnh",,4000B1_condition.mp3,1565658228646
contribute,,,"đóng góp, góp phần",,4000B1_contribute.mp3,1565658228647
difference,,,"sự khác nhau, sự chênh lệch",,4000B1_difference.mp3,1565658228648
divide,,,"chia, chia ra",,4000B1_divide.mp3,1565658228649
expert,,,chuyên gia,,4000B1_expert.mp3,1565658228650
famous,,,nổi tiếng,,4000B1_famous.mp3,1565658228651
force,,,"lực, sức mạnh",,4000B1_force.mp3,1565658228652
harm,,,"hại, tổn hại",,4000B1_harm.mp3,1565658228653
lay,,,"bày, nằm",,4000B1_lay.mp3,1565658228654
peace,,,hoà bình,,4000B1_peace.mp3,1565658228655
prince,,,hoàng tử,,4000B1_prince.mp3,1565658228656
protect,,,bảo vệ,,4000B1_protect.mp3,1565658228657
sense,,,"cảm nhận, cảm thấy",,4000B1_sense.mp3,1565658228658
sudden,,,"thình lình, đột ngột",,4000B1_sudden.mp3,1565658228659
therefore,,,vì thế,,4000B1_therefore.mp3,1565658228660
accept,,,"chấp nhận, chấp thuận",,4000B1_accept.mp3,1565658228661
arrange,,,"sắp xếp, sắp đặt",,4000B1_arrange.mp3,1565658228662
attend,,,"tham dự, có mặt",,4000B1_attend.mp3,1565658228663
balance,,,cân bằng,,4000B1_balance.mp3,1565658228664
contrast,,,"sự tương phản, sự trái ngược",,4000B1_contrast.mp3,1565658228665
encourage,,,"khuyến khích, động viên",,4000B1_encourage.mp3,1565658228666
familiar,,,"thân thuộc, quen thuộc",,4000B1_familiar.mp3,1565658228667
grab,,,"chộp, tóm, hái",,4000B1_grab.mp3,1565658228668
hang,,,"treo, mắc",,4000B1_hang.mp3,1565658228669
huge,,,"đồ sộ, khổng lồ",,4000B1_huge.mp3,1565658228670
necessary,,,"cần thiết, thiết yếu",,4000B1_necessary.mp3,1565658228671
pattern,,,"mẫu, kiểu",,4000B1_pattern.mp3,1565658228672
propose,,,"đề xuất, đưa ra",,4000B1_propose.mp3,1565658228673
purpose,,,"mục đích, ý định",,4000B1_purpose.mp3,1565658228674
release,,,"giải thoát, phóng thích",,4000B1_release.mp3,1565658228675
require,,,"đòi hỏi, yêu cầu",,4000B1_require.mp3,1565658228676
single,,,s__ __g__ __,,4000B1_single.mp3,1565658228677
success,,,"sự thành công, sự thắng lợi",,4000B1_success.mp3,1565658228678
tear,,,"xé, làm rách, nước mắt",,4000B1_tear.mp3,1565658228679
theory,,,"lý thuyết, học thuyết",,4000B1_theory.mp3,1565658228680
against,,,"chống lại, dựa vào",,4000B1_against.mp3,1565658228681
beach,,,bãi biển,,4000B1_beach.mp3,1565658228682
damage,,,"phá hủy, làm hư hại",,4000B1_damage.mp3,1565658228683
discover,,,"khám phá, tìm ra",,4000B1_discover.mp3,1565658228684
emotion,,,cảm xúc,,4000B1_emotion.mp3,1565658228685
fix,,,"đóng, gắn, sửa chữa",,4000B1_fix.mp3,1565658228686
frank,,,"thẳng thắn, bộc trực",,4000B1_frank.mp3,1565658228687
identify,,,"nhận biết,nhận ra",,4000B1_identify.mp3,1565658228688
island,,,hòn đảo,,4000B1_island.mp3,1565658228689
ocean,,,đại dương,,4000B1_ocean.mp3,1565658228690
perhaps,,,có lẽ,,4000B1_perhaps.mp3,1565658228691
pleasant,,,"vui vẻ, dễ thương",,4000B1_pleasant.mp3,1565658228692
prevent,,,ngăn chặn,,4000B1_prevent.mp3,1565658228693
rock,,,hòn đá,,4000B1_rock.mp3,1565658228694
save,,,"cứu, giúp",,4000B1_save.mp3,1565658228695
step,,,bước chân,,4000B1_step.mp3,1565658228696
still,,,"vẫn cứ, vẫn còn",,4000B1_still.mp3,1565658228697
taste,,,"vị, nếm",,4000B1_taste.mp3,1565658228698
throw,,,"ném, vứt, quăng",,4000B1_throw.mp3,1565658228699
wave,,,"sóng, làn sóng",,4000B1_wave.mp3,1565658228700
benefit,,,lợi ích,,4000B1_benefit.mp3,1565658228701
certain,,,"chắc chắn, tin cậy",,4000B1_certain.mp3,1565658228702
chance,,,"cơ hội, số phận",,4000B1_chance.mp3,1565658228703
effect,,,"hiệu quả, tác dụng",,4000B1_effect.mp3,1565658228704
essential,,,"thiết yếu, chủ yếu",,4000B1_essential.mp3,1565658228705
far,,,"xa, xa xôi",,4000B1_far.mp3,1565658228706
focus,,,tập trung,,4000B1_focus.mp3,1565658228707
function,,,hàm số; chức năng,,4000B1_function.mp3,1565658228708
grass,,,"cỏ, bâi cỏ",,4000B1_grass.mp3,1565658228709
guard,,,"bảo vệ, canh gác",,4000B1_guard.mp3,1565658228710
image,,,hình ảnh,,4000B1_image.mp3,1565658228711
immediate,,,"lập tức, tức thì",,4000B1_immediate.mp3,1565658228712
primary,,,"gốc, căn bản",,4000B1_primary.mp3,1565658228713
proud,,,tự hào; hãnh diện,,4000B1_proud.mp3,1565658228714
remain,,,"vẫn, còn lại",,4000B1_remain.mp3,1565658228715
rest,,,(n): sự nghỉ ngơi; (v): nghỉ ngơi,,4000B1_rest.mp3,1565658228716
separate,,,"riêng rẽ, riêng biệt",,4000B1_separate.mp3,1565658228717
site,,,"nơi, chỗ, vị trí",,4000B1_site.mp3,1565658228718
tail,,,"đuôi, đoạn cuối",,4000B1_tail.mp3,1565658228719
trouble,,,"sự trục trặc, sự rắc rối",,4000B1_trouble.mp3,1565658228720
anymore,,,nữa,,4000B1_anymore.mp3,1565658228721
asleep,,,"ngủ, đang ngủ",,4000B1_asleep.mp3,1565658228722
berry,,,quả dâu tây,,4000B1_berry.mp3,1565658228723
collect,,,"thu thập, sưu tầm",,4000B1_collect.mp3,1565658228724
compete,,,"ganh đua, cạnh tranh",,4000B1_compete.mp3,1565658228725
conversation,,,"cuộc chuyện trò, đàm luận, đàm thoại",,4000B1_conversation.mp3,1565658228726
creature,,,"sinh vật, loài vật",,4000B1_creature.mp3,1565658228727
decision,,,sự quyết định,,4000B1_decision.mp3,1565658228728
either,,,một (trong hai),,4000B1_either.mp3,1565658228729
forest,,,rừng,,4000B1_forest.mp3,1565658228730
ground,,,"mặt đất, đất",,4000B1_ground.mp3,1565658228731
introduce,,,giới thiệu,,4000B1_introduce.mp3,1565658228732
marry,,,"cưới (vợ), lấy (chồng)",,4000B1_marry.mp3,1565658228733
prepare,,,"chuẩn bị, sửa soạn",,4000B1_prepare.mp3,1565658228734
sail,,,"điều khiển, lái (thuyền buồm)",,4000B1_sail.mp3,1565658228735
serious,,,nghiêm trọng,,4000B1_serious.mp3,1565658228736
spend,,,"tiêu (tiền), dùng (thì giờ)",,4000B1_spend.mp3,1565658228737
strange,,,xa lạ,,4000B1_strange.mp3,1565658228738
truth,,,"sự thật, lẽ phải",,4000B1_truth.mp3,1565658228739
wake,,,"thức giấc, đánh thức",,4000B1_wake.mp3,1565658228740
alone,,,"một mình, trơ trọi",,4000B1_alone.mp3,1565658228741
apartment,,,căn hộ,,4000B1_apartment.mp3,1565658228742
article,,,"bài báo, điều khoản",,4000B1_article.mp3,1565658228743
artist,,,"nghệ sĩ, họa sĩ",,4000B1_artist.mp3,1565658228744
attitude,,,"thái độ, quan điểm",,4000B1_attitude.mp3,1565658228745
compare,,,so sánh,,4000B1_compare.mp3,1565658228746
judge,,,"xét xử, phán đoán, đánh giá",,4000B1_judge.mp3,1565658228747
magazine,,,tạp chí,,4000B1_magazine.mp3,1565658228748
material,,,"vật chất, vật liệu",,4000B1_material.mp3,1565658228749
meal,,,bữa ăn,,4000B1_meal.mp3,1565658228750
method,,,"phương pháp, cách thức",,4000B1_method.mp3,1565658228751
neighbor,,,người hàng xóm,,4000B1_neighbor.mp3,1565658228752
professional,,,chuyên nghiệp,,4000B1_professional.mp3,1565658228753
profit,,,"tiền lãi, lợi ích",,4000B1_profit.mp3,1565658228754
quality,,,"chất lượng, phẩm chất",,4000B1_quality.mp3,1565658228755
shape,,,"hình dạng, hình thù",,4000B1_shape.mp3,1565658228756
space,,,không gian,,4000B1_space.mp3,1565658228757
stair,,,"bậc thang, cầu thang",,4000B1_stair.mp3,1565658228758
symbol,,,"ký hiệu, vật tượng trưng",,4000B1_symbol.mp3,1565658228759
thin,,,"gầy, mảnh khảnh",,4000B1_thin.mp3,1565658228760
blood,,,"máu, nhựa cậy",,4000B1_blood.mp3,1565658228761
burn,,,"đốt cháy, nung",,4000B1_burn.mp3,1565658228762
cell,,,"phòng nhỏ, xà lim, ngăn nhỏ",,4000B1_cell.mp3,1565658228763
contain,,,"chứa đựng, gồm có",,4000B1_contain.mp3,1565658228764
correct,,,"đúng, chính xác",,4000B1_correct.mp3,1565658228765
crop,,,"vụ mùa, cây lương thực",,4000B1_crop.mp3,1565658228766
demand,,,"yêu cầu, nhu cầu",,4000B1_demand.mp3,1565658228767
equal,,,"ngang, bằng",,4000B1_equal.mp3,1565658228768
feed,,,"cho ăn, nuôi nấng",,4000B1_feed.mp3,1565658228769
hole,,,"hố, lỗ thủng",,4000B1_hole.mp3,1565658228770
increase,,,"tăng lên, tăng thêm",,4000B1_increase.mp3,1565658228771
lord,,,chúa tể,,4000B1_lord.mp3,1565658228772
owe,,,"nợ, hàm ơn",,4000B1_owe.mp3,1565658228773
position,,,"vị trí, chỗ",,4000B1_position.mp3,1565658228774
raise,,,"nâng lên, đỡ dậy",,4000B1_raise.mp3,1565658228775
responsible,,,chịu trách nhiệm,,4000B1_responsible.mp3,1565658228776
sight,,,cảnh đẹp,,4000B1_sight.mp3,1565658228777
spot,,,"nơi, chốn",,4000B1_spot.mp3,1565658228778
structure,,,"kết cấu, cấu trúc",,4000B1_structure.mp3,1565658228779
whole,,,toàn bộ,,4000B1_whole.mp3,1565658228780
coach,,,huấn luyện viên,,4000B1_coach.mp3,1565658228781
control,,,điều khiển,,4000B1_control.mp3,1565658228782
description,,,"sự diễn tả, sự mô tả",,4000B1_description.mp3,1565658228783
direct,,,"thẳng, trực tiếp",,4000B1_direct.mp3,1565658228784
exam,,,sự thi cử; kỳ thi,,4000B1_exam.mp3,1565658228785
example,,,"thí dụ, ví dụ",,4000B1_example.mp3,1565658228786
limit,,,"giới hạn, hạn chế",,4000B1_limit.mp3,1565658228787
local,,,địa phương,,4000B1_local.mp3,1565658228788
magical,,,"ma thuật, kỳ diệu",,4000B1_magical.mp3,1565658228789
mail,,,"thư từ, bưu phẩm",,4000B1_mail.mp3,1565658228790
novel,,,tiểu thuyết,,4000B1_novel.mp3,1565658228791
outline,,,phác thảo,,4000B1_outline.mp3,1565658228792
poet,,,"nhà thơ, thi sĩ",,4000B1_poet.mp3,1565658228793
print,,,"in, viết",,4000B1_print.mp3,1565658228794
scene,,,phân cảnh,,4000B1_scene.mp3,1565658228795
sheet,,,"lá, tấm, phiến, tờ",,4000B1_sheet.mp3,1565658228796
silly,,,"ngớ ngẩn, khờ dại",,4000B1_silly.mp3,1565658228797
store,,,"cửa hàng, tiệm tạp hóa",,4000B1_store.mp3,1565658228798
suffer,,,"chịu đựng, lướt sóng",,4000B1_suffer.mp3,1565658228799
technology,,,công nghệ,,4000B1_technology.mp3,1565658228800
across,,,"qua, ngang qua",,4000B1_across.mp3,1565658228801
breathe,,,"hít, thở",,4000B1_breathe.mp3,1565658228802
characteristic,,,"đặc tính, đặc điểm",,4000B1_characteristic.mp3,1565658228803
consume,,,tiêu thụ,,4000B1_consume.mp3,1565658228804
excite,,,phấn khích,,4000B1_excite.mp3,1565658228805
extreme,,,"vô cùng, khắc nghiệt",,4000B1_extreme.mp3,1565658228806
fear,,,sự sợ hãi,,4000B1_fear.mp3,1565658228807
fortunate,,,may mắn,,4000B1_fortunate.mp3,1565658228808
happen,,,"tình cờ, xảy ra",,4000B1_happen.mp3,1565658228809
length,,,"chiều dài, độ dài",,4000B1_length.mp3,1565658228810
mistake,,,"lỗi, sai lầm",,4000B1_mistake.mp3,1565658228811
observe,,,"quan sát, nhận xét",,4000B1_observe.mp3,1565658228812
opportunity,,,"cơ hội, thời cơ",,4000B1_opportunity.mp3,1565658228813
prize,,,"giải thưởng, phần thưởng",,4000B1_prize.mp3,1565658228814
race,,,cuộc đua,,4000B1_race.mp3,1565658228815
realize,,,"nhận ra, nhận thức",,4000B1_realize.mp3,1565658228816
respond,,,"đáp lại, hưởng ứng",,4000B1_respond.mp3,1565658228817
risk,,,"mạo hiểm, rủi ro",,4000B1_risk.mp3,1565658228818
wonder,,,"muốn biết, tự hỏi",,4000B1_wonder.mp3,1565658228819
yet,,,chưa,,4000B1_yet.mp3,1565658228820
academy,,,học viện,,4000B1_academy.mp3,1565658228821
ancient,,,cổ xưa,,4000B1_ancient.mp3,1565658228822
board,,,bảng,,4000B1_board.mp3,1565658228823
century,,,thế kỷ,,4000B1_century.mp3,1565658228824
clue,,,"manh mối, đầu mối",,4000B1_clue.mp3,1565658228825
concert,,,"buổi hoà nhạc (n), phối hợp/sắp đặt (v)",,4000B1_concert.mp3,1565658228826
county,,,"hạt, tỉnh (đơn vị hành chính)",,4000B1_county.mp3,1565658228827
dictionary,,,từ điển,,4000B1_dictionary.mp3,1565658228828
exist,,,"tồn tại, sống",,4000B1_exist.mp3,1565658228829
flat,,,"phẳng, căn hộ",,4000B1_flat.mp3,1565658228830
gentleman,,,quý ông,,4000B1_gentleman.mp3,1565658228831
hidden,,,"ẩn, trốn, nấp, che giấu",,4000B1_hidden.mp3,1565658228832
maybe,,,có lẽ,,4000B1_maybe.mp3,1565658228833
officer,,,sĩ quan,,4000B1_officer.mp3,1565658228834
original,,,"nguyên bản, nguyên gốc",,4000B1_original.mp3,1565658228835
pound,,,"đánh đập, đóng (đinh), Pao (khoảng 450 gam)",,4000B1_pound.mp3,1565658228836
process,,,quá trình,,4000B1_process.mp3,1565658228837
publish,,,"xuất bản, công bố, ban hành",,4000B1_publish.mp3,1565658228838
theater,,,"nhà hát, rạp hát",,4000B1_theater.mp3,1565658228839
wealth,,,"sự giàu có, sự giàu sang",,4000B1_wealth.mp3,1565658228840
appreciate,,,"đánh giá, nâng giá, tăng giá",,4000B1_appreciate.mp3,1565658228841
available,,,"sẵn sàng để dùng, sẵn có",,4000B1_available.mp3,1565658228842
beat,,,đánh bại,,4000B1_beat.mp3,1565658228843
bright,,,sáng chói,,4000B1_bright.mp3,1565658228844
celebrate,,,"làm lễ kỷ niệm, tán dương, ca tụng",,4000B1_celebrate.mp3,1565658228845
determine,,,"xác định, định rõ, quyết định",,4000B1_determine.mp3,1565658228846
disappear,,,biến mất,,4000B1_disappear.mp3,1565658228847
else,,,khác,,4000B1_else.mp3,1565658228848
fair,,,"công bằng, hợp lý",,4000B1_fair.mp3,1565658228849
flow,,,"chảy, dòng chảy, lưu lượng",,4000B1_flow.mp3,1565658228850
forward,,,phía trước,,4000B1_forward.mp3,1565658228851
hill,,,ngọn đồi,,4000B1_hill.mp3,1565658228852
level,,,"mức, mức độ (n); phẳng, bằng (adj); làm phẳng, san bằng (v)",,4000B1_level.mp3,1565658228853
lone,,,"cô độc, bơ vơ, hiu quạnh",,4000B1_lone.mp3,1565658228854
puddle,,,vũng nước,,4000B1_puddle.mp3,1565658228855
response,,,"trả lời, đáp lại",,4000B1_response.mp3,1565658228856
season,,,mùa trong năm,,4000B1_season.mp3,1565658228857
solution,,,"giải pháp, cách giải quyết",,4000B1_solution.mp3,1565658228858
waste,,,lãng phí,,4000B1_waste.mp3,1565658228859
whether,,,"không biết có không, giữa (cái này cái kia)...",,4000B1_whether.mp3,1565658228860
argue,,,tranh cãi,,4000B1_argue.mp3,1565658228861
communicate,,,"liên lạc, giao tiếp",,4000B1_communicate.mp3,1565658228862
crowd,,,đám đông,,4000B1_crowd.mp3,1565658228863
depend,,,"phụ thuộc, tuỳ thuộc",,4000B1_depend.mp3,1565658228864
dish,,,đĩa (đựng thức ăn),,4000B1_dish.mp3,1565658228865
empty,,,"rỗng, trống không",,4000B1_empty.mp3,1565658228866
exact,,,"chính xác, đúng đắn",,4000B1_exact.mp3,1565658228867
fresh,,,"tươi (hoa, rau, cá, thịt...), trong lành (không khí)",,4000B1_fresh.mp3,1565658228868
gather,,,"thu thập, tập hợp",,4000B1_gather.mp3,1565658228869
indicate,,,"cho biết, ra dấu, tỏ ra, biểu lộ",,4000B1_indicate.mp3,1565658228870
item,,,"món (ghi trong đơn hàng...), khoản, tiết mục",,4000B1_item.mp3,1565658228871
offer,,,"đưa ra đề nghị, đưa ra, chìa ra, biếu tặng",,4000B1_offer.mp3,1565658228872
price,,,giá ((nghĩa đen) & (nghĩa bóng)),,4000B1_price.mp3,1565658228873
product,,,"sản phẩm, vật phẩm",,4000B1_product.mp3,1565658228874
property,,,"tài sản, của cải",,4000B1_property.mp3,1565658228875
purchase,,,"mua, tậu",,4000B1_purchase.mp3,1565658228876
recommend,,,"giới thiệu, khuyên bảo, khuyên dùng",,4000B1_recommend.mp3,1565658228877
select,,,"lựa chọn, chọn lọc, tuyển lựa",,4000B1_select.mp3,1565658228878
tool,,,"dụng cụ, đồ nghề",,4000B1_tool.mp3,1565658228879
treat,,,"đối xử, đối đãi, cư xử, ăn ở",,4000B1_treat.mp3,1565658228880
alive,,,"còn sống, đang sống, còn tồn tại",,4000B1_alive.mp3,1565658228881
bone,,,xương,,4000B1_bone.mp3,1565658228882
bother,,,làm phiền,,4000B1_bother.mp3,1565658228883
captain,,,"thuyền trưởng, cơ trưởng",,4000B1_captain.mp3,1565658228884
conclusion,,,"sự kết luận, sự kết thúc, phần cuối",,4000B1_conclusion.mp3,1565658228885
doubt,,,"sự nghi ngờ, sự ngờ vực",,4000B1_doubt.mp3,1565658228886
explore,,,"khám phá, thăm dò, thám hiểm",,4000B1_explore.mp3,1565658228887
foreign,,,(thuộc) nước ngoài,,4000B1_foreign.mp3,1565658228888
glad,,,"vui mừng, sung sướng",,4000B1_glad.mp3,1565658228889
however,,,tuy nhiên,,4000B1_however.mp3,1565658228890
injustice,,,sự bất công,,4000B1_injustice.mp3,1565658228891
international,,,(thuộc) quốc tế,,4000B1_international.mp3,1565658228892
lawyer,,,luật sư,,4000B1_lawyer.mp3,1565658228893
mention,,,"đề cập, nói đến, kể ra",,4000B1_mention.mp3,1565658228894
policy,,,chính sách,,4000B1_policy.mp3,1565658228895
social,,,có tính chất xã hội,,4000B1_social.mp3,1565658228896
speech,,,"bài nói chuyện, bài diễn văn",,4000B1_speech.mp3,1565658228897
staff,,,"nhân viên, nhóm nhân viên",,4000B1_staff.mp3,1565658228898
toward,,,"về phía, hướng về",,4000B1_toward.mp3,1565658228899
wood,,,gỗ,,4000B1_wood.mp3,1565658228900
achieve,,,"đạt được, giành được",,4000B1_achieve.mp3,1565658228901
advise,,,"khuyên, khuyên bảo",,4000B1_advise.mp3,1565658228902
already,,,rồi; đã... rồi,,4000B1_already.mp3,1565658228903
basic,,,"cơ bản, cơ sở",,4000B1_basic.mp3,1565658228904
bit,,,"mẩu, miếng",,4000B1_bit.mp3,1565658228905
consider,,,"cân nhắc, xem xét, suy xét",,4000B1_consider.mp3,1565658228906
destroy,,,"phá huỷ, tàn phá",,4000B1_destroy.mp3,1565658228907
entertain,,,"giải trí, tiêu khiển",,4000B1_entertain.mp3,1565658228908
extra,,,"thừa, thượng hạng, đặc biệt",,4000B1_extra.mp3,1565658228909
goal,,,"bàn thắng, mục đích, mục tiêu",,4000B1_goal.mp3,1565658228910
lie,,,"nói dối, lừa dối",,4000B1_lie.mp3,1565658228911
meat,,,thịt,,4000B1_meat.mp3,1565658228912
opinion,,,"quan điểm, ý kiến, sự đánh giá",,4000B1_opinion.mp3,1565658228913
real,,,"thực tế, có thực, thật (không phải giả)",,4000B1_real.mp3,1565658228914
reflect,,,"phản chiếu, phản xạ, phản ánh",,4000B1_reflect.mp3,1565658228915
regard,,,"coi như, xem như",,4000B1_regard.mp3,1565658228916
serve,,,"phục vụ, phụng sự",,4000B1_serve.mp3,1565658228917
vegetable,,,rau cỏ (noun & adj),,4000B1_vegetable.mp3,1565658228918
war,,,chiến tranh,,4000B1_war.mp3,1565658228919
worth,,,"đáng giá, giá trị",,4000B1_worth.mp3,1565658228920
appear,,,"biểu lộ, hình như, có vẻ",,4000B1_appear.mp3,1565658228921
base,,,"nền tảng, chân đế",,4000B1_base.mp3,1565658228922
brain,,,não,,4000B1_brain.mp3,1565658228923
career,,,sự nghiệp,,4000B1_career.mp3,1565658228924
clerk,,,"giao dịch viên, thư ký, nhân viên",,4000B1_clerk.mp3,1565658228925
effort,,,nỗ lực,,4000B1_effort.mp3,1565658228926
enter,,,đi vào,,4000B1_enter.mp3,1565658228927
excellent,,,xuất sắc,,4000B1_excellent.mp3,1565658228928
hero,,,"anh hùng, người hùng",,4000B1_hero.mp3,1565658228929
hurry,,,vội vàng,,4000B1_hurry.mp3,1565658228930
inform,,,"thông báo, báo tin, cho biết",,4000B1_inform.mp3,1565658228931
later,,,"muộn hơn, sau này",,4000B1_later.mp3,1565658228932
leave,,,"rời đi, bỏ đi",,4000B1_leave.mp3,1565658228933
locate,,,xác định vị trí,,4000B1_locate.mp3,1565658228934
nurse,,,"y tá, nữ y tá",,4000B1_nurse.mp3,1565658228935
operation,,,"sự phẩu thuật, ca mổ",,4000B1_operation.mp3,1565658228936
pain,,,"sự đau, làm đau đớn, đau nhức",,4000B1_pain.mp3,1565658228937
refuse,,,"từ chối, khước từ, cự tuyệt",,4000B1_refuse.mp3,1565658228938
though,,,"cho dù, mặc dù, dẫu cho",,4000B1_though.mp3,1565658228939
various,,,khác nhau; nhiều thứ khác nhau,,4000B1_various.mp3,1565658228940
actual,,,"thực tế, có thật, hiện thời; hiện nay",,4000B1_actual.mp3,1565658228941
amaze,,,"làm kinh ngạc, làm sửng sốt",,4000B1_amaze.mp3,1565658228942
charge,,,"tiền phải trả, giá tiền",,4000B1_charge.mp3,1565658228943
comfort,,,"an ủi, dỗ dành, làm khuây khoả",,4000B1_comfort.mp3,1565658228944
contact,,,"tiếp xúc, liên lạc",,4000B1_contact.mp3,1565658228945
customer,,,khách hàng,,4000B1_customer.mp3,1565658228946
deliver,,,"giao (hàng), phân phát (thư)",,4000B1_deliver.mp3,1565658228947
earn,,,kiếm tiền,,4000B1_earn.mp3,1565658228948
gate,,,"cổng, cửa ra vào",,4000B1_gate.mp3,1565658228949
include,,,"bao gồm, gồm có",,4000B1_include.mp3,1565658228950
manage,,,"quản lý, trông nom, xoay xở",,4000B1_manage.mp3,1565658228951
mystery,,,"điều huyền bí, điều bí ẩn",,4000B1_mystery.mp3,1565658228952
occur,,,"xảy ra, xảy đến",,4000B1_occur.mp3,1565658228953
opposite,,,"đối diện, đối nhau, ngược nhau",,4000B1_opposite.mp3,1565658228954
plate,,,đĩa (để đựng thức ăn),,4000B1_plate.mp3,1565658228955
receive,,,"nhận, lĩnh, thu",,4000B1_receive.mp3,1565658228956
reward,,,sự thưởng,,4000B1_reward.mp3,1565658228957
set,,,"thiết lập, để, đặt, bố trí",,4000B1_set.mp3,1565658228958
steal,,,"ăn cắp, ăn trộm",,4000B1_steal.mp3,1565658228959
thief,,,"kẻ trộm, kẻ cắp",,4000B1_thief.mp3,1565658228960
advance,,,"tiến lên, tiến tới, tiến bộ",,4000B1_advance.mp3,1565658228961
athlete,,,vận động viên,,4000B1_athlete.mp3,1565658228962
average,,,trung bình,,4000B1_average.mp3,1565658228963
behavior,,,cách cư xử,,4000B1_behavior.mp3,1565658228964
behind,,,đằng sau,,4000B1_behind.mp3,1565658228965
course,,,khoá học,,4000B1_course.mp3,1565658228966
lower,,,thấp hơn,,4000B1_lower.mp3,1565658228967
match,,,"hợp, xứng, trận đấu",,4000B1_match.mp3,1565658228968
member,,,"thành viên, hội viên",,4000B1_member.mp3,1565658228969
mental,,,"(thuộc) trí tuệ, tinh thần, tâm thần, thần kinh",,4000B1_mental.mp3,1565658228970
passenger,,,hành khách (đi tàu xe...),,4000B1_passenger.mp3,1565658228971
personality,,,"tính cách, nhân cách",,4000B1_personality.mp3,1565658228972
poem,,,"thơ, bài thơ",,4000B1_poem.mp3,1565658228973
pole,,,"cực, cái sào, cột",,4000B1_pole.mp3,1565658228974
remove,,,"bỏ ra, tháo ra, lấy ra, dời đi",,4000B1_remove.mp3,1565658228975
safety,,,"sự an toàn, sự chắc chắn",,4000B1_safety.mp3,1565658228976
shoot,,,bắn,,4000B1_shoot.mp3,1565658228977
sound,,,"kêu, vang tiếng, nghe như, nghe có vẻ, âm thanh",,4000B1_sound.mp3,1565658228978
swim,,,bơi,,4000B1_swim.mp3,1565658228979
web,,,"mạng (nhện), tơ (lông chim)",,4000B1_web.mp3,1565658228980
block,,,"khối, tảng, súc (đá, gỗ...)",,4000B1_block.mp3,1565658228981
cheer,,,"cổ vũ, tung hô",,4000B1_cheer.mp3,1565658228982
complex,,,"phức tạp, rắc rối",,4000B1_complex.mp3,1565658228983
critic,,,nhà phê bình,,4000B1_critic.mp3,1565658228984
event,,,"sự kiện, sự việc",,4000B1_event.mp3,1565658228985
exercise,,,"tập luyện, rèn luyện (thể dục thể thao)",,4000B1_exercise.mp3,1565658228986
fit,,,"vừa, thích hợp, phù hợp",,4000B1_fit.mp3,1565658228987
friendship,,,tình bạn,,4000B1_friendship.mp3,1565658228988
guide,,,"hướng dẫn viên, người chỉ dẫn",,4000B1_guide.mp3,1565658228989
lack,,,"thiếu, không có",,4000B1_lack.mp3,1565658228990
passage,,,"lối đi, sự đi qua, đoạn (bài văn, sách...)",,4000B1_passage.mp3,1565658228991
perform,,,"biểu diễn, trình bày, thực hiện",,4000B1_perform.mp3,1565658228992
pressure,,,áp lực,,4000B1_pressure.mp3,1565658228993
probable,,,"chắc hẳn , có lễ đúng",,4000B1_probable.mp3,1565658228994
public,,,"công cộng, công khai, công chúng",,4000B1_public.mp3,1565658228995
strike,,,"đánh, tấn công,",,4000B1_strike.mp3,1565658228996
support,,,"hỗ trợ, ủng hộ",,4000B1_support.mp3,1565658228997
task,,,"nhiệm vụ, công việc, bài tập, phận sự",,4000B1_task.mp3,1565658228998
term,,,"thời hạn, kỳ hạn, lời lẽ",,4000B1_term.mp3,1565658228999
unite,,,"đoàn kết, liên kết",,4000B1_unite.mp3,1565658229000
associate,,,"kết hợp, kết giao, liên hợp lại",,4000B1_associate.mp3,1565658229001
environment,,,môi trường,,4000B1_environment.mp3,1565658229002
factory,,,"nhà máy, xí nghiệp",,4000B1_factory.mp3,1565658229003
feature,,,"điểm đặc trưng, nét đặc biệt",,4000B1_feature.mp3,1565658229004
instance,,,"thí dụ, ví dụ",,4000B1_instance.mp3,1565658229005
involve,,,"dính líu, dính dáng (dạng bị động) để hết tâm trí vào (cái gì)",,4000B1_involve.mp3,1565658229006
medicine,,,thuốc,,4000B1_medicine.mp3,1565658229007
mix,,,"hỗn hợp, trộn lẫn",,4000B1_mix.mp3,1565658229008
organize,,,tổ chức,,4000B1_organize.mp3,1565658229009
period,,,"thời kỳ, giai đoạn",,4000B1_period.mp3,1565658229010
populate,,,"ở, cư trú",,4000B1_populate.mp3,1565658229011
produce,,,"sản xuất, ra quả",,4000B1_produce.mp3,1565658229012
range,,,"dải, phạm vi, khoảng",,4000B1_range.mp3,1565658229013
recognize,,,nhận ra,,4000B1_recognize.mp3,1565658229014
regular,,,"thường lệ, đều đặn",,4000B1_regular.mp3,1565658229015
sign,,,"dấu hiệu, ký hiệu; ký tên, ra hiệu",,4000B1_sign.mp3,1565658229016
tip,,,"đầu mút, tiền thưởng phục vụ",,4000B1_tip.mp3,1565658229017
tradition,,,truyền thống,,4000B1_tradition.mp3,1565658229018
trash,,,rác,,4000B1_trash.mp3,1565658229019
wide,,,"rộng, rộng lớn",,4000B1_wide.mp3,1565658229020
advice,,,lời khuyên,,4000B1_advice.mp3,1565658229021
along,,,dọc theo,,4000B1_along.mp3,1565658229022
attention,,,sự chú ý,,4000B1_attention.mp3,1565658229023
attract,,,"hấp dẫn, thu hút",,4000B1_attract.mp3,1565658229024
climb,,,"trèo, leo",,4000B1_climb.mp3,1565658229025
drop,,,"rơi, sụt giảm",,4000B1_drop.mp3,1565658229026
final,,,"cuối cùng, chung kết",,4000B1_final.mp3,1565658229027
further,,,"xa hơn, bên kia",,4000B1_further.mp3,1565658229028
imply,,,ý nói; ngụ ý,,4000B1_imply.mp3,1565658229029
maintain,,,duy trì,,4000B1_maintain.mp3,1565658229030
neither,,,...... nor không ... mà cũng không,,4000B1_neither.mp3,1565658229031
otherwise,,,"nếu không thì, mặt khác, cách khác",,4000B1_otherwise.mp3,1565658229032
physical,,,"(thuộc) vật lý, (thuộc) vật chất",,4000B1_physical.mp3,1565658229033
prove,,,chứng minh,,4000B1_prove.mp3,1565658229034
react,,,"phản ứng, đối phó",,4000B1_react.mp3,1565658229035
ride,,,cưỡi,,4000B1_ride.mp3,1565658229036
situated,,,"ở (một nơi, một tình thế, một hoàn cảnh)",,4000B1_situated.mp3,1565658229037
society,,,xã hội,,4000B1_society.mp3,1565658229038
standard,,,tiêu chuẩn,,4000B1_standard.mp3,1565658229039
suggest,,,"gợi ý, đề nghị",,4000B1_suggest.mp3,1565658229040
actually,,,"thực sự, quả thật",,4000B1_actually.mp3,1565658229041
bite,,,"cắn, ngoạm",,4000B1_bite.mp3,1565658229042
coast,,,bờ biển,,4000B1_coast.mp3,1565658229043
deal,,,giải quyết; đối phó; sự giao dịch,,4000B1_deal.mp3,1565658229044
desert,,,sa mạc,,4000B1_desert.mp3,1565658229045
earthquake,,,trận động đất,,4000B1_earthquake.mp3,1565658229046
effective,,,có hiệu quả,,4000B1_effective.mp3,1565658229047
examine,,,kiểm tra,,4000B1_examine.mp3,1565658229048
false,,,"sai, nhầm",,4000B1_false.mp3,1565658229049
gift,,,"quà tặng; tặng, biếu, cho",,4000B1_gift.mp3,1565658229050
hunger,,,"sự đói, tình trạng đói",,4000B1_hunger.mp3,1565658229051
imagine,,,"tưởng tượng, hình dung",,4000B1_imagine.mp3,1565658229052
journey,,,"cuộc hành trình, chuyến đi",,4000B1_journey.mp3,1565658229053
puzzle,,,"trò chơi đố; câu đố, vấn đề khó",,4000B1_puzzle.mp3,1565658229054
quite,,,"khá, hoàn toàn, hầu hết",,4000B1_quite.mp3,1565658229055
rather,,,thích... hơn,,4000B1_rather.mp3,1565658229056
specific,,,"rành mạch, rõ ràng",,4000B1_specific.mp3,1565658229057
tour,,,cuộc đi du lịch,,4000B1_tour.mp3,1565658229058
trip,,,chuyến đi,,4000B1_trip.mp3,1565658229059
value,,,giá trị,,4000B1_value.mp3,1565658229060
band,,,"ban nhạc, dải, băng, đai, nẹp",,4000B1_band.mp3,1565658229061
barely,,,"vừa đủ, rỗng không, nghèo nàn",,4000B1_barely.mp3,1565658229062
boring,,,"chán ngắt, buồn tẻ, sự khoan, sự đào",,4000B1_boring.mp3,1565658229063
cancel,,,"huỷ bỏ, bãi bỏ",,4000B1_cancel.mp3,1565658229064
driveway,,,đường lái xe vào nhà,,4000B1_driveway.mp3,1565658229065
garbage,,,rác,,4000B1_garbage.mp3,1565658229066
instrument,,,"dụng cụ, nhạc cụ",,4000B1_instrument.mp3,1565658229067
list,,,"danh sách; liệt kê, lập danh sách",,4000B1_list.mp3,1565658229068
magic,,,"phép thuật, ma thuật",,4000B1_magic.mp3,1565658229069
message,,,thông điệp; đưa tin,,4000B1_message.mp3,1565658229070
notice,,,"chú ý, để ý, báo trước",,4000B1_notice.mp3,1565658229071
own,,,sở hữu,,4000B1_own.mp3,1565658229072
predict,,,"đoán trước, dự đoán",,4000B1_predict.mp3,1565658229073
professor,,,giáo sư,,4000B1_professor.mp3,1565658229074
rush,,,"vội vã, đi gấp",,4000B1_rush.mp3,1565658229075
schedule,,,"thời gian biểu, thời khóa biểu (bản kế hoạch có thời gian)",,4000B1_schedule.mp3,1565658229076
share,,,"chia sẻ, cổ phần",,4000B1_share.mp3,1565658229077
stage,,,"sân khấu, giai đoạn",,4000B1_stage.mp3,1565658229078
storm,,,"dông tố, cơn bão",,4000B1_storm.mp3,1565658229079
within,,,"trong vòng, trong phạm vi, bên trong, phía trong",,4000B1_within.mp3,1565658229080
advertise,,,quảng cáo,,4000B1_advertise.mp3,1565658229081
assign,,,"phân việc, phân công",,4000B1_assign.mp3,1565658229082
audience,,,"thính giả, khán giả, bạn đọc",,4000B1_audience.mp3,1565658229083
breakfast,,,bữa ăn sáng,,4000B1_breakfast.mp3,1565658229084
competition,,,"sự cạnh tranh, cuộc thi",,4000B1_competition.mp3,1565658229085
cool,,,"mát mẻ, trầm tĩnh",,4000B1_cool.mp3,1565658229086
gain,,,tăng tốc (tốc độ...); lên (cân...),,4000B1_gain.mp3,1565658229087
importance,,,"sự quan trọng, tầm quan trọng",,4000B1_importance.mp3,1565658229088
knowledge,,,"kiến thức, tri thức",,4000B1_knowledge.mp3,1565658229089
major,,,"chính, chủ yếu, trọng đại",,4000B1_major.mp3,1565658229090
mean,,,"verb : nghĩa là, có nghĩa là adj : hèn hạ, bần tiện, kém cỏi, n óng tính ???",,4000B1_mean.mp3,1565658229091
prefer,,,"thích hơn, ưa hơn, đề bạt, đưa ra",,4000B1_prefer.mp3,1565658229092
president,,,"tổng thống, chủ tịch",,4000B1_president.mp3,1565658229093
progress,,,"noun&verb : tiến triển, tiến bộ, tiến hành",,4000B1_progress.mp3,1565658229094
respect,,,"noun&verb : tôn trọng, kính trọng, lưu tâm, chú ý",,4000B1_respect.mp3,1565658229095
rich,,,"giàu, giàu có",,4000B1_rich.mp3,1565658229096
skill,,,kỹ năng,,4000B1_skill.mp3,1565658229097
somehow,,,"vì lý do này khác, không biết làm sao",,4000B1_somehow.mp3,1565658229098
strength,,,"sức mạnh, sức lực, sức khoẻ",,4000B1_strength.mp3,1565658229099
vote,,,"bỏ phiếu, bầu cử",,4000B1_vote.mp3,1565658229100
above,,,"ở trên, trên đầu",,4000B1_above.mp3,1565658229101
ahead,,,"adv : thẳng phía trước adj : hơn, vượt",,4000B1_ahead.mp3,1565658229102
amount,,,"tổng giá trị (hợp đồng), tổng số (tiền)",,4000B1_amount.mp3,1565658229103
belief,,,"niềm tin, lòng tin, đức tin",,4000B1_belief.mp3,1565658229104
center,,,trung tâm,,4000B1_center.mp3,1565658229105
common,,,"thông thường, chung, phổ thông",,4000B1_common.mp3,1565658229106
cost,,,"chi phí, giá thành, phí tổn",,4000B1_cost.mp3,1565658229107
demonstrate,,,"chứng minh, giải thích, biểu lộ, biểu tình",,4000B1_demonstrate.mp3,1565658229108
different,,,"khác biệt, khác nhau",,4000B1_different.mp3,1565658229109
evidence,,,"chứng cớ, bằng chứng",,4000B1_evidence.mp3,1565658229110
honesty,,,"tính trung thực, tính lương thiện",,4000B1_honesty.mp3,1565658229111
idiom,,,thành ngữ,,4000B1_idiom.mp3,1565658229112
independent,,,"độc lập, không phụ thuộc",,4000B1_independent.mp3,1565658229113
inside,,,"bên trong, phía trong, phần trong",,4000B1_inside.mp3,1565658229114
master,,,"bậc thầy, thợ cả",,4000B1_master.mp3,1565658229115
memory,,,"trí nhớ, ký ức, sự tưởng nhớ",,4000B1_memory.mp3,1565658229116
proper,,,"thích đáng, thích hợp, đúng mực",,4000B1_proper.mp3,1565658229117
scan,,,"quét, nhìn chăm chú, đọc lướt",,4000B1_scan.mp3,1565658229118
section,,,"mặt cắt, lát cắt, đoạn (trong sách)",,4000B1_section.mp3,1565658229119
surface,,,bề mặt,,4000B1_surface.mp3,1565658229120
